Well		A01	A02	A03	A04	A05	A06	A07	A08	A09	A10	A11	B01	B02	B03	B04	B05	B06	B07	B08	B09	B10	B11	C01	C02	C03	C04	C05	C06	C07	C08	C09	C10	C11	D01	D02	D03	D04	D05	D06	D07	D08	D09	D10	D11	E01	E02	E03	E04	E05	E06	E07	E08	E09	E10	E11	F01	F02	F03	F04	F05	F06	F07	F08	F09	F10	F11	G01	G02	G03	G04	G05	G06	G07	G08	G09	G10	G11	H01	H02	H03	H04	H05	H06	H07	H08	H09	H10	H11
Content	Time	empty NI	LKA1_gp40 NI	PT2_gp28 NI	LUZ19_gp28 NI	LUZ19_gp13 NI	MPK6_gp13 NI	SA22_gp16 NI	PAE2_gp12 NI	YA3_gp20 NI	PA1C_gp320 NI	PA1C_gp22 NI	empty NI	LKA1_gp40 NI	PT2_gp28 NI	LUZ19_gp28 NI	LUZ19_gp13 NI	MPK6_gp13 NI	SA22_gp16 NI	PAE2_gp12 NI	YA3_gp20 NI	PA1C_gp320 NI	PA1C_gp22 NI	empty NI	LKA1_gp40 NI	PT2_gp28 NI	LUZ19_gp28 NI	LUZ19_gp13 NI	MPK6_gp13 NI	SA22_gp16 NI	PAE2_gp12 NI	YA3_gp20 NI	PA1C_gp320 NI	PA1C_gp22 NI	empty NI	LKA1_gp40 NI	PT2_gp28 NI	LUZ19_gp28 NI	LUZ19_gp13 NI	MPK6_gp13 NI	SA22_gp16 NI	PAE2_gp12 NI	YA3_gp20 NI	PA1C_gp320 NI	PA1C_gp22 NI	empty I	LKA1_gp40 I	PT2_gp28 I	LUZ19_gp28 I	LUZ19_gp13 I	MPK6_gp13 I	SA22_gp16 I	PAE2_gp12 I	YA3_gp20 I	PA1C_gp320 I	PA1C_gp22 I	empty I	LKA1_gp40 I	PT2_gp28 I	LUZ19_gp28 I	LUZ19_gp13 I	MPK6_gp13 I	SA22_gp16 I	PAE2_gp12 I	YA3_gp20 I	PA1C_gp320 I	PA1C_gp22 I	empty I	LKA1_gp40 I	PT2_gp28 I	LUZ19_gp28 I	LUZ19_gp13 I	MPK6_gp13 I	SA22_gp16 I	PAE2_gp12 I	YA3_gp20 I	PA1C_gp320 I	PA1C_gp22 I	empty I	LKA1_gp40 I	PT2_gp28 I	LUZ19_gp28 I	LUZ19_gp13 I	MPK6_gp13 I	SA22_gp16 I	PAE2_gp12 I	YA3_gp20 I	PA1C_gp320 I	PA1C_gp22 I
Raw Data (600)	0 h 	0,384	0,414	0,384	0,344	0,538	0,354	0,346	0,305	0,481	0,49	0,367	0,395	0,372	0,4	0,546	0,484	0,353	0,474	0,566	0,355	0,418	0,689	0,618	0,425	0,325	0,404	0,528	0,466	0,346	0,45	0,416	0,439	0,426	0,382	0,311	0,385	0,404	0,307	0,447	0,401	0,484	0,37	0,444	0,322	0,406	0,388	0,319	0,383	0,42	0,32	0,33	0,305	0,394	0,361	0,371	0,487	0,763	0,423	0,489	0,369	0,329	0,322	0,415	0,354	0,338	0,449	0,5	0,328	0,337	0,394	0,383	0,624	0,379	0,306	0,355	0,465	0,382	0,409	0,354	0,349	0,444	0,326	0,414	0,385	0,412	0,456	0,525	0,363
Raw Data (600)	0 h 15 min	0,409	0,432	0,418	0,378	0,556	0,379	0,363	0,308	0,482	0,49	0,4	0,415	0,402	0,434	0,572	0,503	0,375	0,501	0,619	0,387	0,46	0,732	0,648	0,449	0,372	0,432	0,552	0,477	0,377	0,47	0,425	0,464	0,456	0,402	0,352	0,402	0,424	0,341	0,499	0,462	0,506	0,401	0,471	0,368	0,432	0,412	0,346	0,411	0,438	0,336	0,362	0,339	0,43	0,401	0,408	0,507	0,776	0,463	0,511	0,38	0,349	0,369	0,434	0,413	0,383	0,505	0,519	0,349	0,365	0,418	0,4	0,653	0,408	0,345	0,383	0,475	0,4	0,427	0,364	0,373	0,47	0,344	0,436	0,411	0,436	0,485	0,547	0,423
Raw Data (600)	0 h 30 min	0,44	0,472	0,44	0,407	0,587	0,408	0,382	0,342	0,507	0,543	0,427	0,448	0,438	0,47	0,616	0,535	0,411	0,546	0,686	0,41	0,492	0,786	0,684	0,492	0,395	0,47	0,593	0,507	0,412	0,514	0,442	0,513	0,488	0,436	0,392	0,445	0,459	0,355	0,518	0,48	0,55	0,432	0,514	0,41	0,467	0,442	0,381	0,433	0,474	0,392	0,4	0,379	0,46	0,427	0,455	0,546	0,802	0,488	0,544	0,411	0,386	0,407	0,471	0,442	0,424	0,547	0,549	0,388	0,402	0,436	0,428	0,705	0,462	0,4	0,402	0,5	0,438	0,458	0,396	0,396	0,493	0,371	0,466	0,434	0,46	0,508	0,575	0,455
Raw Data (600)	0 h 45 min	0,471	0,495	0,47	0,44	0,638	0,443	0,428	0,376	0,549	0,576	0,46	0,488	0,466	0,52	0,674	0,58	0,458	0,599	0,744	0,465	0,533	0,836	0,734	0,531	0,427	0,506	0,65	0,554	0,451	0,558	0,473	0,566	0,531	0,479	0,416	0,486	0,502	0,396	0,573	0,543	0,602	0,483	0,558	0,438	0,514	0,482	0,416	0,455	0,514	0,442	0,446	0,407	0,5	0,468	0,5	0,594	0,856	0,546	0,574	0,435	0,425	0,451	0,521	0,476	0,456	0,598	0,59	0,437	0,434	0,46	0,458	0,746	0,507	0,426	0,427	0,533	0,462	0,495	0,435	0,43	0,523	0,393	0,515	0,47	0,502	0,54	0,624	0,496
Raw Data (600)	1 h 	0,505	0,536	0,517	0,469	0,693	0,486	0,466	0,4	0,597	0,622	0,497	0,53	0,508	0,552	0,73	0,629	0,487	0,655	0,817	0,496	0,58	0,903	0,788	0,582	0,465	0,557	0,728	0,604	0,49	0,614	0,532	0,629	0,584	0,517	0,457	0,538	0,545	0,439	0,639	0,618	0,661	0,528	0,632	0,478	0,556	0,528	0,43	0,474	0,556	0,476	0,478	0,44	0,54	0,508	0,531	0,645	0,921	0,577	0,609	0,454	0,474	0,488	0,571	0,521	0,494	0,658	0,629	0,47	0,467	0,489	0,486	0,796	0,552	0,459	0,473	0,578	0,494	0,537	0,476	0,453	0,552	0,426	0,559	0,51	0,535	0,569	0,675	0,526
Raw Data (600)	1 h 15 min	0,535	0,569	0,551	0,497	0,739	0,524	0,499	0,425	0,632	0,663	0,518	0,569	0,552	0,598	0,782	0,683	0,529	0,686	0,859	0,537	0,621	0,934	0,818	0,627	0,502	0,596	0,775	0,641	0,534	0,666	0,564	0,677	0,623	0,551	0,47	0,572	0,587	0,474	0,691	0,655	0,714	0,589	0,681	0,492	0,596	0,553	0,439	0,487	0,595	0,522	0,504	0,466	0,59	0,549	0,563	0,7	0,981	0,601	0,636	0,476	0,507	0,519	0,629	0,559	0,526	0,708	0,673	0,51	0,493	0,518	0,517	0,826	0,61	0,484	0,489	0,62	0,518	0,572	0,508	0,48	0,576	0,446	0,603	0,544	0,57	0,597	0,73	0,541
Raw Data (600)	1 h 30 min	0,585	0,613	0,59	0,549	0,814	0,574	0,544	0,468	0,702	0,719	0,567	0,616	0,597	0,656	0,846	0,75	0,583	0,747	0,938	0,598	0,675	1,001	0,884	0,693	0,56	0,662	0,856	0,698	0,599	0,714	0,635	0,718	0,689	0,608	0,523	0,636	0,652	0,526	0,772	0,736	0,772	0,634	0,746	0,541	0,653	0,613	0,47	0,531	0,64	0,57	0,551	0,515	0,647	0,615	0,625	0,765	1,041	0,637	0,684	0,501	0,564	0,576	0,688	0,611	0,586	0,776	0,739	0,556	0,526	0,553	0,548	0,883	0,671	0,528	0,548	0,669	0,556	0,623	0,547	0,503	0,612	0,484	0,672	0,578	0,594	0,639	0,809	0,593
Raw Data (600)	1 h 45 min	0,62	0,643	0,632	0,586	0,872	0,613	0,582	0,507	0,763	0,765	0,617	0,668	0,642	0,703	0,899	0,819	0,636	0,805	1,006	0,652	0,721	1,056	0,955	0,736	0,593	0,721	0,922	0,752	0,641	0,778	0,693	0,757	0,747	0,668	0,566	0,704	0,71	0,567	0,821	0,778	0,823	0,712	0,799	0,592	0,709	0,674	0,493	0,551	0,679	0,614	0,599	0,565	0,712	0,67	0,68	0,828	1,086	0,672	0,714	0,527	0,623	0,62	0,752	0,675	0,646	0,83	0,798	0,594	0,549	0,584	0,581	0,932	0,734	0,579	0,595	0,729	0,6	0,679	0,589	0,531	0,64	0,506	0,739	0,614	0,632	0,678	0,869	0,629
Raw Data (600)	2 h 	0,682	0,703	0,686	0,63	0,937	0,675	0,636	0,554	0,812	0,818	0,667	0,735	0,703	0,775	0,949	0,884	0,696	0,877	1,078	0,706	0,77	1,115	1,01	0,803	0,659	0,766	0,967	0,806	0,704	0,814	0,764	0,802	0,825	0,714	0,612	0,774	0,772	0,623	0,879	0,831	0,872	0,758	0,843	0,637	0,773	0,733	0,518	0,577	0,724	0,679	0,668	0,625	0,772	0,734	0,745	0,887	1,174	0,697	0,749	0,552	0,688	0,677	0,808	0,729	0,702	0,888	0,863	0,667	0,582	0,618	0,61	0,989	0,782	0,637	0,652	0,777	0,67	0,742	0,635	0,559	0,669	0,534	0,8	0,665	0,696	0,721	0,921	0,683
Raw Data (600)	2 h 15 min	0,732	0,76	0,736	0,681	0,99	0,731	0,694	0,605	0,87	0,864	0,722	0,786	0,75	0,823	0,995	0,937	0,745	0,908	1,133	0,758	0,824	1,178	1,088	0,864	0,695	0,807	1,018	0,849	0,74	0,868	0,824	0,839	0,943	0,774	0,67	0,795	0,833	0,673	0,929	0,881	0,919	0,805	0,889	0,697	0,832	0,792	0,541	0,6	0,774	0,74	0,722	0,687	0,822	0,788	0,816	0,936	1,293	0,728	0,779	0,588	0,747	0,731	0,863	0,784	0,764	0,938	0,916	0,723	0,616	0,65	0,638	1,035	0,82	0,699	0,712	0,842	0,754	0,806	0,689	0,598	0,69	0,56	0,863	0,745	0,764	0,794	0,971	0,746
Raw Data (600)	2 h 30 min	0,777	0,811	0,78	0,738	1,043	0,781	0,747	0,654	0,911	0,919	0,768	0,832	0,8	0,873	1,052	0,991	0,798	0,97	1,191	0,807	0,861	1,22	1,133	0,903	0,737	0,84	1,072	0,89	0,774	0,918	0,88	0,881	0,964	0,828	0,696	0,858	0,905	0,726	0,984	0,925	0,958	0,841	0,932	0,737	0,88	0,846	0,562	0,62	0,815	0,792	0,783	0,742	0,858	0,832	0,867	0,972	1,337	0,761	0,808	0,618	0,797	0,784	0,918	0,828	0,8	0,98	0,956	0,767	0,638	0,672	0,672	1,07	0,856	0,754	0,76	0,9	0,808	0,852	0,739	0,627	0,706	0,583	0,91	0,805	0,83	0,848	1,012	0,79
Raw Data (600)	2 h 45 min	0,823	0,854	0,829	0,789	1,101	0,829	0,79	0,708	0,968	0,973	0,815	0,872	0,85	0,923	1,095	1,053	0,845	1,012	1,239	0,856	0,961	1,266	1,188	0,949	0,78	0,88	1,125	0,934	0,814	0,981	0,924	0,946	1,021	0,871	0,748	0,919	0,946	0,785	1,025	0,959	1,006	0,879	0,994	0,777	0,929	0,898	0,59	0,643	0,867	0,851	0,836	0,798	0,904	0,88	0,933	1,01	1,386	0,791	0,834	0,648	0,85	0,834	0,972	0,874	0,849	1,029	0,997	0,807	0,662	0,702	0,702	1,114	0,899	0,809	0,81	0,958	0,858	0,902	0,792	0,653	0,73	0,614	0,963	0,867	0,894	0,903	1,064	0,848
Raw Data (600)	3 h 	0,88	0,905	0,882	0,846	1,144	0,865	0,846	0,756	1,022	1,029	0,863	0,909	0,886	0,959	1,132	1,111	0,886	1,056	1,275	0,895	1,018	1,316	1,224	1,003	0,816	0,936	1,184	0,985	0,866	1,034	0,991	1,014	1,074	0,912	0,792	0,974	0,977	0,841	1,063	1,005	1,071	0,941	1,053	0,825	0,977	0,948	0,617	0,67	0,919	0,904	0,892	0,854	0,972	0,939	0,982	1,041	1,442	0,827	0,866	0,681	0,909	0,887	1,034	0,919	0,909	1,085	1,032	0,851	0,69	0,725	0,731	1,16	0,945	0,863	0,86	1,026	0,915	0,946	0,846	0,691	0,763	0,647	1,011	0,928	0,948	0,955	1,12	0,9
Raw Data (600)	3 h 15 min	0,918	0,948	0,915	0,885	1,188	0,906	0,873	0,794	1,076	1,098	0,898	0,945	0,932	1,007	1,176	1,169	0,938	1,083	1,333	0,946	1,09	1,36	1,258	1,044	0,859	0,981	1,237	1,029	0,908	1,11	1,035	1,066	1,116	0,956	0,839	1,029	1,051	0,899	1,123	1,054	1,139	0,981	1,105	0,861	1,013	0,996	0,654	0,701	0,984	0,947	0,947	0,908	1,029	0,983	1,047	1,068	1,485	0,872	0,902	0,71	0,958	0,949	1,084	0,967	0,952	1,127	1,059	0,889	0,721	0,76	0,764	1,209	0,994	0,906	0,906	1,09	0,959	0,98	0,879	0,738	0,789	0,676	1,044	0,97	1,007	1,004	1,175	0,943
Raw Data (600)	3 h 30 min	0,947	0,974	0,933	0,916	1,234	0,938	0,908	0,83	1,124	1,156	0,936	0,976	0,965	1,042	1,224	1,236	0,984	1,126	1,387	0,997	1,151	1,393	1,273	1,085	0,89	1,023	1,277	1,051	0,948	1,167	1,07	1,123	1,165	0,99	0,882	1,079	1,102	0,936	1,179	1,107	1,198	1,026	1,158	0,9	1,045	1,043	0,688	0,722	1,04	0,998	0,992	0,964	1,087	1,035	1,098	1,097	1,519	0,913	0,934	0,752	1,004	1	1,138	1,023	0,998	1,158	1,078	0,918	0,754	0,789	0,798	1,262	1,046	0,957	0,947	1,148	1,007	1,007	0,919	0,777	0,817	0,707	1,087	1,017	1,058	1,044	1,231	0,983
Raw Data (600)	3 h 45 min	0,974	0,999	0,952	0,946	1,277	0,96	0,931	0,865	1,156	1,193	0,974	1,011	1,003	1,077	1,268	1,289	1,029	1,178	1,432	1,046	1,211	1,428	1,299	1,116	0,933	1,064	1,334	1,099	0,999	1,209	1,127	1,183	1,19	1,025	0,927	1,128	1,151	0,966	1,236	1,163	1,254	1,069	1,205	0,936	1,065	1,085	0,713	0,747	1,1	1,046	1,042	1,014	1,155	1,09	1,144	1,131	1,544	0,954	0,97	0,795	1,047	1,051	1,189	1,078	1,04	1,189	1,108	0,956	0,793	0,814	0,832	1,314	1,101	1,01	1,001	1,212	1,047	1,033	0,942	0,821	0,847	0,743	1,131	1,055	1,106	1,087	1,282	1,017
Raw Data (600)	4 h 	0,999	1,04	0,988	0,988	1,34	1,006	0,97	0,903	1,221	1,244	1,001	1,047	1,044	1,121	1,322	1,332	1,079	1,23	1,495	1,1	1,266	1,471	1,329	1,151	0,98	1,089	1,402	1,129	1,049	1,24	1,176	1,241	1,22	1,059	0,966	1,17	1,208	1,01	1,302	1,214	1,309	1,112	1,26	0,974	1,102	1,128	0,755	0,773	1,158	1,099	1,086	1,054	1,222	1,158	1,182	1,171	1,574	0,988	1,01	0,833	1,089	1,098	1,239	1,136	1,09	1,241	1,146	1	0,831	0,849	0,875	1,362	1,167	1,056	1,053	1,272	1,085	1,075	0,968	0,869	0,881	0,783	1,182	1,115	1,154	1,138	1,324	1,061
Raw Data (600)	4 h 15 min	1,014	1,062	1,024	1	1,379	1,037	1,017	0,935	1,259	1,279	1,032	1,084	1,081	1,172	1,378	1,386	1,121	1,288	1,538	1,144	1,293	1,512	1,366	1,164	1,009	1,12	1,457	1,181	1,081	1,269	1,196	1,278	1,248	1,088	1,005	1,213	1,257	1,047	1,342	1,26	1,352	1,16	1,304	1,005	1,141	1,167	0,786	0,795	1,209	1,154	1,13	1,102	1,278	1,208	1,217	1,222	1,621	1,021	1,039	0,872	1,137	1,147	1,293	1,183	1,135	1,288	1,188	1,04	0,879	0,88	0,903	1,399	1,227	1,107	1,097	1,322	1,124	1,115	1,006	0,913	0,906	0,822	1,234	1,172	1,204	1,188	1,363	1,098
Raw Data (600)	4 h 30 min	1,048	1,111	1,072	1,037	1,436	1,09	1,072	0,965	1,327	1,328	1,072	1,134	1,124	1,232	1,442	1,434	1,177	1,351	1,593	1,199	1,332	1,562	1,41	1,223	1,043	1,167	1,532	1,235	1,124	1,303	1,246	1,321	1,29	1,126	1,043	1,265	1,31	1,089	1,392	1,308	1,396	1,217	1,352	1,041	1,19	1,218	0,836	0,831	1,26	1,214	1,187	1,162	1,34	1,259	1,262	1,28	1,67	1,065	1,078	0,908	1,198	1,196	1,36	1,235	1,172	1,352	1,242	1,095	0,929	0,917	0,943	1,438	1,291	1,171	1,143	1,365	1,177	1,162	1,056	0,961	0,94	0,864	1,288	1,23	1,26	1,239	1,396	1,138
Raw Data (600)	4 h 45 min	1,098	1,181	1,138	1,105	1,52	1,166	1,138	1,02	1,408	1,384	1,125	1,187	1,176	1,295	1,499	1,489	1,238	1,406	1,648	1,264	1,382	1,604	1,457	1,266	1,086	1,213	1,61	1,295	1,178	1,356	1,263	1,375	1,333	1,177	1,086	1,311	1,363	1,13	1,448	1,352	1,443	1,28	1,406	1,094	1,243	1,276	0,882	0,865	1,308	1,282	1,261	1,227	1,398	1,309	1,306	1,343	1,715	1,108	1,119	0,946	1,261	1,257	1,45	1,298	1,199	1,415	1,305	1,152	0,981	0,958	0,982	1,471	1,365	1,237	1,196	1,408	1,222	1,215	1,11	1,016	0,972	0,906	1,362	1,295	1,324	1,291	1,429	1,198
Raw Data (600)	5 h 	1,146	1,24	1,193	1,155	1,558	1,219	1,202	1,069	1,473	1,438	1,17	1,247	1,248	1,364	1,548	1,545	1,309	1,457	1,689	1,331	1,416	1,648	1,503	1,314	1,137	1,272	1,661	1,334	1,224	1,392	1,303	1,441	1,395	1,228	1,138	1,356	1,42	1,184	1,512	1,432	1,5	1,341	1,461	1,143	1,31	1,346	0,933	0,901	1,355	1,354	1,331	1,3	1,467	1,35	1,357	1,415	1,763	1,152	1,16	0,978	1,332	1,32	1,538	1,366	1,241	1,48	1,379	1,221	1,039	0,996	1,016	1,508	1,425	1,303	1,261	1,447	1,274	1,291	1,169	1,072	1,001	0,945	1,439	1,361	1,38	1,35	1,479	1,256
Raw Data (600)	5 h 15 min	1,201	1,313	1,258	1,222	1,642	1,295	1,282	1,144	1,548	1,499	1,255	1,317	1,322	1,424	1,609	1,626	1,374	1,507	1,725	1,403	1,465	1,685	1,551	1,366	1,187	1,337	1,744	1,386	1,285	1,442	1,367	1,512	1,447	1,284	1,199	1,409	1,481	1,25	1,556	1,466	1,552	1,424	1,534	1,217	1,382	1,426	0,99	0,935	1,391	1,42	1,394	1,366	1,541	1,402	1,416	1,474	1,803	1,192	1,2	1,012	1,41	1,394	1,632	1,435	1,295	1,539	1,444	1,292	1,092	1,036	1,048	1,544	1,488	1,374	1,329	1,485	1,338	1,352	1,228	1,131	1,032	0,977	1,534	1,438	1,44	1,404	1,54	1,315
Raw Data (600)	5 h 30 min	1,278	1,39	1,309	1,297	1,746	1,357	1,342	1,2	1,621	1,542	1,289	1,377	1,39	1,495	1,654	1,722	1,45	1,551	1,772	1,47	1,526	1,698	1,596	1,408	1,242	1,397	1,802	1,425	1,344	1,491	1,444	1,57	1,502	1,349	1,257	1,472	1,537	1,31	1,598	1,512	1,604	1,492	1,596	1,276	1,462	1,516	1,042	0,964	1,427	1,489	1,474	1,445	1,613	1,471	1,481	1,534	1,848	1,226	1,231	1,042	1,504	1,456	1,726	1,517	1,361	1,588	1,516	1,357	1,154	1,072	1,082	1,585	1,534	1,462	1,4	1,54	1,414	1,432	1,307	1,19	1,06	1,006	1,635	1,532	1,517	1,468	1,617	1,376
Raw Data (600)	5 h 45 min	1,334	1,451	1,376	1,36	1,825	1,419	1,415	1,266	1,715	1,599	1,35	1,462	1,461	1,561	1,7	1,811	1,518	1,566	1,802	1,542	1,564	1,735	1,647	1,458	1,307	1,457	1,862	1,467	1,412	1,538	1,51	1,621	1,559	1,422	1,323	1,513	1,595	1,376	1,64	1,553	1,647	1,555	1,646	1,345	1,535	1,607	1,109	1,005	1,464	1,546	1,551	1,523	1,698	1,543	1,537	1,59	1,888	1,269	1,275	1,079	1,583	1,509	1,807	1,599	1,422	1,633	1,58	1,431	1,214	1,114	1,111	1,62	1,572	1,551	1,473	1,602	1,495	1,518	1,38	1,254	1,098	1,031	1,73	1,632	1,601	1,541	1,695	1,444
Raw Data (600)	6 h 	1,406	1,537	1,444	1,436	1,954	1,5	1,485	1,349	1,781	1,648	1,423	1,549	1,551	1,617	1,748	1,928	1,598	1,595	1,83	1,629	1,64	1,741	1,696	1,499	1,368	1,517	1,914	1,51	1,476	1,577	1,575	1,685	1,6	1,496	1,403	1,566	1,639	1,442	1,666	1,586	1,686	1,614	1,691	1,414	1,601	1,691	1,172	1,047	1,493	1,593	1,612	1,598	1,801	1,612	1,595	1,637	1,927	1,309	1,315	1,109	1,654	1,557	1,878	1,7	1,485	1,675	1,636	1,493	1,27	1,152	1,135	1,661	1,603	1,653	1,559	1,668	1,579	1,592	1,457	1,311	1,13	1,061	1,809	1,742	1,693	1,621	1,758	1,515
Raw Data (600)	6 h 15 min	1,486	1,633	1,497	1,512	2,032	1,553	1,544	1,419	1,839	1,687	1,477	1,628	1,615	1,658	1,79	2,037	1,664	1,617	1,863	1,699	1,683	1,774	1,742	1,543	1,411	1,57	1,96	1,554	1,513	1,626	1,615	1,735	1,646	1,558	1,472	1,597	1,69	1,515	1,691	1,613	1,714	1,657	1,728	1,49	1,657	1,766	1,232	1,075	1,52	1,634	1,666	1,649	1,892	1,681	1,648	1,685	1,968	1,344	1,354	1,137	1,72	1,589	1,936	1,786	1,54	1,717	1,694	1,542	1,325	1,188	1,171	1,699	1,626	1,772	1,662	1,74	1,678	1,676	1,548	1,371	1,165	1,084	1,874	1,859	1,804	1,696	1,816	1,582
Raw Data (600)	6 h 30 min	1,558	1,706	1,549	1,584	2,081	1,619	1,621	1,482	1,904	1,727	1,535	1,703	1,693	1,703	1,835	2,097	1,733	1,63	1,884	1,765	1,733	1,796	1,8	1,583	1,469	1,63	2,003	1,596	1,575	1,672	1,676	1,792	1,693	1,626	1,552	1,636	1,732	1,592	1,719	1,638	1,753	1,708	1,767	1,564	1,711	1,831	1,3	1,118	1,55	1,674	1,721	1,719	1,97	1,759	1,687	1,729	2,007	1,388	1,392	1,169	1,779	1,621	1,976	1,867	1,597	1,76	1,747	1,597	1,377	1,228	1,198	1,731	1,648	1,887	1,758	1,8	1,759	1,746	1,626	1,434	1,2	1,111	1,933	1,958	1,905	1,752	1,867	1,64
Raw Data (600)	6 h 45 min	1,628	1,794	1,616	1,666	2,172	1,682	1,68	1,565	1,943	1,774	1,589	1,769	1,741	1,729	1,866	2,17	1,766	1,67	1,903	1,821	1,765	1,829	1,841	1,624	1,518	1,684	2,044	1,644	1,625	1,71	1,731	1,848	1,726	1,681	1,621	1,672	1,786	1,664	1,748	1,664	1,784	1,751	1,798	1,637	1,753	1,878	1,369	1,156	1,576	1,699	1,746	1,762	2,025	1,82	1,719	1,772	2,039	1,432	1,434	1,203	1,816	1,647	2,014	1,928	1,648	1,799	1,802	1,638	1,428	1,264	1,219	1,773	1,666	1,972	1,847	1,851	1,836	1,813	1,701	1,493	1,232	1,137	1,973	2,028	1,986	1,803	1,911	1,696
Raw Data (600)	7 h 	1,687	1,857	1,66	1,717	2,211	1,719	1,72	1,64	1,976	1,82	1,651	1,835	1,787	1,743	1,908	2,225	1,792	1,691	1,923	1,85	1,78	1,858	1,89	1,653	1,56	1,738	2,075	1,672	1,661	1,736	1,765	1,913	1,749	1,727	1,669	1,686	1,808	1,73	1,745	1,679	1,799	1,78	1,816	1,696	1,786	1,913	1,427	1,187	1,592	1,703	1,746	1,793	2,06	1,872	1,75	1,808	2,072	1,477	1,473	1,218	1,839	1,655	2,037	1,96	1,678	1,835	1,846	1,679	1,48	1,305	1,244	1,801	1,677	2,04	1,92	1,894	1,891	1,858	1,748	1,553	1,254	1,156	1,993	2,068	2,038	1,836	1,936	1,739
Raw Data (600)	7 h 15 min	1,75	1,911	1,693	1,778	2,237	1,757	1,762	1,675	1,992	1,827	1,699	1,881	1,833	1,765	1,941	2,257	1,826	1,705	1,942	1,881	1,792	1,904	1,931	1,702	1,613	1,814	2,085	1,723	1,714	1,765	1,811	1,966	1,779	1,786	1,72	1,713	1,852	1,791	1,769	1,704	1,823	1,822	1,843	1,751	1,824	1,959	1,504	1,23	1,616	1,729	1,759	1,822	2,091	1,908	1,779	1,85	2,102	1,533	1,519	1,248	1,859	1,679	2,059	1,998	1,716	1,891	1,895	1,721	1,528	1,343	1,268	1,83	1,696	2,099	1,984	1,932	1,952	1,919	1,802	1,608	1,294	1,192	2,023	2,116	2,095	1,883	1,975	1,785
Raw Data (600)	7 h 30 min	1,812	1,969	1,737	1,834	2,296	1,812	1,798	1,764	2,02	1,877	1,77	1,934	1,874	1,787	1,989	2,321	1,851	1,736	1,969	1,909	1,831	1,936	1,992	1,741	1,672	1,887	2,113	1,776	1,762	1,812	1,862	2,027	1,807	1,835	1,764	1,728	1,891	1,854	1,794	1,731	1,856	1,846	1,87	1,806	1,856	1,982	1,566	1,264	1,631	1,741	1,767	1,839	2,106	1,949	1,815	1,875	2,123	1,588	1,553	1,269	1,861	1,697	2,079	2,018	1,744	1,937	1,942	1,761	1,58	1,379	1,288	1,869	1,716	2,13	2,026	1,964	1,992	1,967	1,848	1,657	1,325	1,222	2,036	2,138	2,129	1,918	2,003	1,829
Raw Data (600)	7 h 45 min	1,849	2,018	1,761	1,887	2,323	1,847	1,834	1,81	2,029	1,903	1,814	1,976	1,894	1,8	2,028	2,363	1,863	1,776	1,996	1,924	1,846	1,995	2,045	1,796	1,707	1,965	2,124	1,838	1,8	1,846	1,915	2,069	1,851	1,885	1,79	1,748	1,921	1,877	1,828	1,76	1,884	1,886	1,903	1,851	1,887	2,003	1,623	1,294	1,647	1,754	1,776	1,842	2,111	1,961	1,839	1,919	2,163	1,643	1,587	1,283	1,866	1,716	2,079	2,024	1,768	1,997	1,983	1,792	1,626	1,413	1,298	1,896	1,744	2,158	2,055	1,992	2,034	2,008	1,885	1,703	1,359	1,24	2,049	2,155	2,161	1,946	2,029	1,864
Raw Data (600)	8 h 	1,899	2,056	1,798	1,924	2,359	1,885	1,862	1,852	2,046	1,936	1,875	2,02	1,933	1,829	2,081	2,4	1,891	1,804	2,043	1,945	1,87	2,044	2,093	1,864	1,761	2,017	2,127	1,904	1,845	1,885	1,968	2,114	1,889	1,936	1,827	1,781	1,958	1,915	1,879	1,792	1,928	1,923	1,944	1,902	1,926	2,027	1,681	1,326	1,666	1,772	1,79	1,848	2,128	1,99	1,872	1,973	2,194	1,704	1,624	1,304	1,87	1,749	2,097	2,045	1,788	2,06	2,026	1,829	1,673	1,449	1,314	1,919	1,777	2,168	2,088	2,02	2,068	2,041	1,922	1,754	1,391	1,264	2,066	2,169	2,189	1,977	2,047	1,908
Raw Data (600)	8 h 15 min	1,941	2,076	1,846	1,95	2,402	1,923	1,901	1,895	2,073	1,975	1,922	2,06	1,96	1,859	2,132	2,404	1,907	1,855	2,066	1,978	1,906	2,101	2,138	1,931	1,84	2,07	2,149	1,973	1,92	1,95	2,031	2,143	1,935	1,987	1,873	1,806	1,995	1,944	1,927	1,839	1,982	1,946	1,987	1,954	1,963	2,049	1,75	1,375	1,677	1,795	1,807	1,855	2,134	1,997	1,897	2,018	2,219	1,765	1,668	1,315	1,872	1,777	2,104	2,051	1,813	2,113	2,061	1,865	1,715	1,494	1,329	1,941	1,812	2,182	2,104	2,043	2,106	2,066	1,949	1,798	1,428	1,28	2,079	2,167	2,197	2,002	2,076	1,946
Raw Data (600)	8 h 30 min	1,982	2,123	1,901	1,995	2,476	1,973	1,938	1,942	2,11	2,03	1,991	2,107	1,991	1,894	2,188	2,443	1,933	1,914	2,098	2,014	1,958	2,142	2,185	2	1,904	2,108	2,148	2,042	1,975	1,996	2,074	2,163	1,984	2,035	1,913	1,839	2,049	1,958	1,973	1,888	2,04	1,982	2,045	2,012	2,006	2,073	1,808	1,408	1,686	1,814	1,827	1,864	2,147	2,023	1,936	2,066	2,241	1,817	1,703	1,332	1,874	1,814	2,12	2,065	1,83	2,185	2,101	1,896	1,763	1,528	1,339	1,959	1,858	2,199	2,117	2,066	2,143	2,098	1,968	1,852	1,462	1,297	2,097	2,169	2,203	2,024	2,112	1,983
Raw Data (600)	8 h 45 min	2,024	2,147	1,929	2,042	2,494	2,016	1,993	1,985	2,156	2,083	2,067	2,148	2,032	1,94	2,242	2,48	1,954	1,982	2,126	2,045	2,014	2,193	2,223	2,045	1,945	2,135	2,16	2,087	2,023	2,042	2,102	2,187	2,041	2,086	1,94	1,88	2,088	1,98	2,027	1,952	2,087	2,017	2,099	2,055	2,061	2,118	1,856	1,444	1,692	1,852	1,863	1,889	2,159	2,046	1,988	2,139	2,275	1,866	1,741	1,343	1,89	1,851	2,138	2,087	1,869	2,243	2,142	1,933	1,812	1,565	1,352	1,979	1,922	2,222	2,138	2,091	2,174	2,142	2,01	1,897	1,495	1,309	2,14	2,181	2,231	2,048	2,134	2,041
Raw Data (600)	9 h 	2,088	2,205	2,01	2,084	2,575	2,091	2,057	2,031	2,233	2,146	2,152	2,199	2,084	1,998	2,285	2,529	1,995	2,056	2,147	2,09	2,07	2,227	2,266	2,108	2,007	2,172	2,171	2,123	2,073	2,084	2,141	2,198	2,088	2,126	1,994	1,934	2,147	2,001	2,066	2,018	2,136	2,043	2,143	2,112	2,124	2,162	1,918	1,489	1,699	1,894	1,896	1,915	2,168	2,07	2,046	2,199	2,294	1,912	1,783	1,349	1,91	1,903	2,153	2,11	1,913	2,288	2,188	1,969	1,859	1,612	1,358	2,003	1,982	2,25	2,171	2,142	2,233	2,187	2,04	1,947	1,535	1,324	2,175	2,21	2,256	2,104	2,2	2,106
Raw Data (600)	9 h 15 min	2,166	2,245	2,065	2,144	2,607	2,136	2,127	2,085	2,272	2,181	2,209	2,257	2,113	2,034	2,32	2,549	2,04	2,115	2,153	2,128	2,118	2,25	2,29	2,154	2,044	2,184	2,172	2,143	2,106	2,118	2,146	2,22	2,134	2,178	2,047	1,976	2,184	2,023	2,101	2,058	2,17	2,068	2,182	2,171	2,198	2,2	1,955	1,526	1,704	1,944	1,933	1,948	2,181	2,095	2,102	2,259	2,335	1,957	1,82	1,362	1,935	1,959	2,171	2,133	1,95	2,325	2,236	2,005	1,906	1,651	1,367	2,026	2,044	2,259	2,206	2,18	2,262	2,238	2,075	1,993	1,576	1,337	2,21	2,241	2,288	2,168	2,222	2,184
Raw Data (600)	9 h 30 min	2,2	2,299	2,122	2,201	2,633	2,183	2,169	2,132	2,314	2,225	2,272	2,302	2,16	2,072	2,348	2,571	2,082	2,151	2,165	2,159	2,167	2,271	2,314	2,184	2,093	2,198	2,179	2,157	2,128	2,154	2,15	2,236	2,184	2,236	2,11	2,023	2,226	2,053	2,129	2,092	2,198	2,094	2,213	2,239	2,271	2,246	1,993	1,564	1,708	1,987	1,968	1,98	2,193	2,114	2,176	2,308	2,354	2,011	1,858	1,373	1,972	2,013	2,183	2,154	1,984	2,354	2,288	2,062	1,958	1,694	1,377	2,054	2,089	2,268	2,23	2,23	2,322	2,305	2,114	2,042	1,613	1,352	2,261	2,277	2,319	2,216	2,238	2,261
Raw Data (600)	9 h 45 min	2,261	2,373	2,173	2,277	2,657	2,246	2,223	2,199	2,347	2,258	2,315	2,361	2,216	2,101	2,376	2,603	2,143	2,198	2,193	2,194	2,203	2,285	2,334	2,231	2,138	2,214	2,189	2,173	2,162	2,177	2,179	2,238	2,222	2,296	2,175	2,062	2,272	2,099	2,175	2,118	2,226	2,108	2,23	2,284	2,325	2,284	2,049	1,614	1,712	2,035	2,006	2,006	2,2	2,131	2,224	2,343	2,38	2,071	1,895	1,384	2,007	2,067	2,2	2,177	2,018	2,376	2,327	2,132	2,012	1,735	1,389	2,08	2,118	2,286	2,252	2,255	2,34	2,342	2,157	2,096	1,649	1,366	2,296	2,298	2,36	2,268	2,296	2,314
Raw Data (600)	10 h 	2,317	2,436	2,226	2,341	2,695	2,284	2,253	2,251	2,377	2,286	2,35	2,4	2,261	2,129	2,402	2,623	2,177	2,256	2,194	2,228	2,239	2,297	2,353	2,255	2,166	2,227	2,194	2,182	2,179	2,202	2,192	2,248	2,253	2,335	2,239	2,102	2,302	2,142	2,198	2,153	2,252	2,124	2,254	2,329	2,37	2,331	2,095	1,659	1,717	2,077	2,043	2,048	2,2	2,156	2,276	2,374	2,4	2,16	1,927	1,393	2,041	2,098	2,214	2,197	2,056	2,405	2,364	2,184	2,064	1,77	1,398	2,11	2,152	2,304	2,269	2,284	2,374	2,394	2,208	2,141	1,693	1,38	2,327	2,328	2,394	2,331	2,334	2,351
Raw Data (600)	10 h 15 min	2,345	2,463	2,261	2,37	2,684	2,316	2,284	2,295	2,395	2,308	2,371	2,427	2,284	2,149	2,414	2,612	2,199	2,272	2,212	2,246	2,264	2,314	2,353	2,264	2,181	2,232	2,189	2,189	2,183	2,212	2,195	2,245	2,291	2,37	2,261	2,126	2,326	2,176	2,202	2,159	2,264	2,137	2,258	2,35	2,395	2,35	2,136	1,702	1,718	2,102	2,062	2,06	2,202	2,155	2,32	2,41	2,425	2,242	1,966	1,396	2,06	2,124	2,216	2,21	2,079	2,407	2,397	2,22	2,119	1,82	1,408	2,121	2,169	2,312	2,283	2,298	2,407	2,422	2,258	2,192	1,725	1,389	2,351	2,344	2,429	2,351	2,358	2,378
Raw Data (600)	10 h 30 min	2,38	2,487	2,279	2,416	2,724	2,344	2,306	2,325	2,415	2,33	2,404	2,444	2,318	2,17	2,414	2,65	2,216	2,286	2,218	2,265	2,294	2,328	2,358	2,275	2,195	2,235	2,186	2,19	2,186	2,217	2,195	2,256	2,319	2,4	2,288	2,147	2,344	2,207	2,224	2,172	2,27	2,142	2,27	2,378	2,429	2,374	2,173	1,742	1,717	2,12	2,087	2,085	2,213	2,169	2,345	2,421	2,436	2,333	2	1,406	2,08	2,143	2,226	2,226	2,104	2,409	2,428	2,262	2,169	1,857	1,418	2,129	2,195	2,321	2,293	2,309	2,432	2,459	2,301	2,235	1,76	1,402	2,372	2,38	2,457	2,375	2,378	2,405
Raw Data (600)	10 h 45 min	2,395	2,497	2,303	2,447	2,737	2,362	2,334	2,356	2,424	2,353	2,432	2,467	2,313	2,175	2,424	2,658	2,232	2,308	2,234	2,274	2,302	2,34	2,361	2,272	2,202	2,231	2,181	2,19	2,188	2,223	2,197	2,256	2,335	2,413	2,298	2,162	2,36	2,237	2,22	2,176	2,28	2,149	2,274	2,384	2,45	2,393	2,201	1,784	1,725	2,163	2,097	2,126	2,216	2,166	2,36	2,443	2,456	2,405	2,029	1,412	2,102	2,162	2,227	2,235	2,128	2,41	2,459	2,282	2,216	1,894	1,423	2,153	2,21	2,328	2,289	2,321	2,44	2,487	2,352	2,289	1,802	1,413	2,396	2,398	2,487	2,393	2,386	2,42
Raw Data (600)	11 h 	2,422	2,524	2,323	2,47	2,752	2,381	2,347	2,388	2,435	2,364	2,444	2,484	2,346	2,199	2,421	2,66	2,243	2,318	2,232	2,267	2,313	2,344	2,369	2,28	2,21	2,241	2,189	2,199	2,198	2,227	2,197	2,256	2,353	2,423	2,315	2,177	2,371	2,262	2,239	2,185	2,283	2,154	2,277	2,395	2,473	2,423	2,243	1,825	1,731	2,187	2,123	2,152	2,223	2,193	2,378	2,462	2,471	2,474	2,06	1,424	2,126	2,185	2,237	2,238	2,137	2,416	2,486	2,31	2,26	1,925	1,432	2,168	2,226	2,338	2,303	2,329	2,452	2,533	2,393	2,33	1,839	1,429	2,414	2,421	2,518	2,418	2,408	2,437
Raw Data (600)	11 h 15 min	2,447	2,534	2,339	2,486	2,766	2,404	2,364	2,41	2,441	2,375	2,458	2,491	2,361	2,212	2,417	2,682	2,248	2,326	2,24	2,274	2,32	2,364	2,369	2,274	2,214	2,238	2,2	2,196	2,193	2,224	2,196	2,253	2,361	2,424	2,322	2,186	2,383	2,284	2,235	2,198	2,288	2,157	2,276	2,398	2,485	2,431	2,279	1,862	1,732	2,195	2,138	2,167	2,22	2,2	2,388	2,471	2,482	2,501	2,088	1,426	2,134	2,186	2,24	2,249	2,159	2,42	2,504	2,33	2,286	1,96	1,442	2,178	2,232	2,34	2,305	2,338	2,459	2,557	2,419	2,37	1,875	1,438	2,431	2,437	2,533	2,43	2,43	2,444
Raw Data (600)	11 h 30 min	2,46	2,541	2,35	2,506	2,758	2,42	2,374	2,428	2,446	2,384	2,459	2,499	2,363	2,226	2,421	2,711	2,256	2,344	2,259	2,291	2,33	2,386	2,362	2,285	2,216	2,24	2,205	2,195	2,197	2,227	2,193	2,244	2,364	2,437	2,33	2,201	2,394	2,303	2,244	2,209	2,291	2,168	2,278	2,404	2,49	2,446	2,307	1,905	1,736	2,213	2,154	2,183	2,22	2,206	2,39	2,481	2,498	2,51	2,12	1,433	2,146	2,204	2,242	2,248	2,174	2,43	2,523	2,346	2,34	1,996	1,451	2,192	2,244	2,335	2,311	2,343	2,455	2,573	2,444	2,414	1,914	1,45	2,453	2,453	2,539	2,44	2,43	2,45
Raw Data (600)	11 h 45 min	2,474	2,547	2,365	2,499	2,761	2,425	2,38	2,436	2,445	2,389	2,457	2,49	2,372	2,245	2,416	2,706	2,252	2,347	2,273	2,299	2,336	2,393	2,364	2,29	2,211	2,229	2,216	2,193	2,19	2,227	2,192	2,239	2,373	2,438	2,327	2,208	2,398	2,309	2,241	2,208	2,294	2,168	2,273	2,399	2,495	2,443	2,327	1,942	1,734	2,22	2,162	2,193	2,219	2,205	2,387	2,495	2,504	2,531	2,14	1,438	2,155	2,21	2,235	2,244	2,175	2,426	2,529	2,355	2,376	2,03	1,462	2,2	2,244	2,333	2,312	2,336	2,466	2,578	2,474	2,444	1,936	1,462	2,465	2,468	2,558	2,447	2,434	2,456
Raw Data (600)	12 h 	2,478	2,55	2,37	2,502	2,789	2,435	2,384	2,428	2,446	2,39	2,461	2,493	2,369	2,261	2,407	2,696	2,262	2,357	2,283	2,3	2,346	2,408	2,359	2,289	2,216	2,223	2,217	2,192	2,187	2,226	2,184	2,235	2,384	2,439	2,33	2,216	2,405	2,315	2,244	2,22	2,298	2,177	2,276	2,4	2,494	2,454	2,351	1,962	1,733	2,237	2,178	2,206	2,228	2,204	2,389	2,504	2,52	2,542	2,156	1,44	2,169	2,223	2,235	2,249	2,179	2,419	2,542	2,375	2,427	2,05	1,46	2,212	2,249	2,33	2,311	2,335	2,46	2,6	2,496	2,477	1,973	1,473	2,486	2,476	2,549	2,458	2,428	2,454
Raw Data (600)	12 h 15 min	2,481	2,551	2,375	2,505	2,794	2,437	2,389	2,434	2,449	2,395	2,464	2,486	2,373	2,274	2,408	2,717	2,272	2,374	2,304	2,308	2,347	2,419	2,357	2,276	2,213	2,219	2,231	2,183	2,185	2,223	2,173	2,233	2,392	2,44	2,332	2,225	2,408	2,324	2,264	2,232	2,297	2,188	2,269	2,4	2,49	2,452	2,368	2	1,74	2,252	2,193	2,224	2,233	2,205	2,398	2,499	2,536	2,553	2,179	1,448	2,173	2,234	2,236	2,248	2,178	2,421	2,551	2,378	2,465	2,088	1,468	2,226	2,257	2,324	2,314	2,331	2,46	2,612	2,513	2,503	1,998	1,485	2,512	2,488	2,562	2,471	2,425	2,46
Raw Data (600)	12 h 30 min	2,489	2,551	2,381	2,507	2,805	2,44	2,389	2,43	2,444	2,394	2,469	2,476	2,378	2,298	2,402	2,726	2,276	2,391	2,309	2,305	2,352	2,442	2,352	2,285	2,214	2,208	2,228	2,178	2,186	2,22	2,175	2,223	2,395	2,437	2,331	2,233	2,407	2,338	2,261	2,246	2,31	2,191	2,266	2,399	2,491	2,46	2,384	2,025	1,74	2,266	2,215	2,248	2,247	2,199	2,394	2,5	2,538	2,562	2,19	1,45	2,179	2,242	2,238	2,252	2,178	2,406	2,553	2,386	2,505	2,105	1,472	2,233	2,262	2,327	2,313	2,326	2,449	2,621	2,527	2,527	2,03	1,497	2,523	2,494	2,555	2,461	2,436	2,467
Raw Data (600)	12 h 45 min	2,488	2,543	2,387	2,508	2,799	2,448	2,39	2,432	2,447	2,415	2,463	2,474	2,374	2,32	2,402	2,698	2,274	2,405	2,336	2,314	2,359	2,453	2,351	2,289	2,216	2,203	2,231	2,176	2,184	2,225	2,172	2,22	2,41	2,436	2,331	2,243	2,413	2,346	2,276	2,251	2,321	2,204	2,272	2,396	2,494	2,446	2,384	2,046	1,741	2,28	2,234	2,265	2,252	2,2	2,402	2,498	2,54	2,56	2,218	1,447	2,187	2,257	2,237	2,262	2,176	2,398	2,552	2,396	2,542	2,123	1,474	2,241	2,27	2,324	2,325	2,321	2,45	2,63	2,538	2,551	2,054	1,506	2,523	2,501	2,561	2,464	2,433	2,465
Raw Data (600)	13 h 	2,497	2,552	2,395	2,506	2,812	2,451	2,398	2,431	2,438	2,408	2,468	2,478	2,382	2,344	2,409	2,688	2,286	2,434	2,362	2,323	2,368	2,472	2,36	2,289	2,222	2,207	2,241	2,179	2,188	2,226	2,172	2,216	2,408	2,435	2,341	2,262	2,41	2,372	2,295	2,276	2,325	2,218	2,27	2,389	2,492	2,449	2,394	2,056	1,74	2,297	2,261	2,297	2,264	2,208	2,392	2,503	2,548	2,568	2,231	1,451	2,209	2,282	2,248	2,268	2,181	2,396	2,559	2,407	2,546	2,148	1,472	2,257	2,285	2,333	2,323	2,309	2,448	2,633	2,548	2,551	2,072	1,52	2,529	2,509	2,547	2,468	2,422	2,47
Raw Data (600)	13 h 15 min	2,496	2,539	2,403	2,506	2,805	2,45	2,396	2,433	2,44	2,413	2,468	2,463	2,382	2,374	2,397	2,673	2,291	2,446	2,403	2,332	2,373	2,492	2,351	2,282	2,223	2,189	2,24	2,166	2,181	2,214	2,163	2,206	2,42	2,431	2,331	2,274	2,409	2,388	2,3	2,286	2,332	2,231	2,268	2,392	2,49	2,449	2,398	2,078	1,741	2,315	2,28	2,317	2,278	2,201	2,394	2,498	2,552	2,587	2,248	1,45	2,22	2,294	2,25	2,283	2,18	2,38	2,559	2,411	2,557	2,157	1,475	2,272	2,293	2,334	2,328	2,301	2,445	2,648	2,558	2,563	2,098	1,521	2,534	2,511	2,546	2,471	2,431	2,47
Raw Data (600)	13 h 30 min	2,495	2,528	2,408	2,507	2,792	2,449	2,401	2,428	2,431	2,407	2,467	2,463	2,394	2,402	2,392	2,642	2,305	2,461	2,42	2,329	2,375	2,497	2,346	2,277	2,221	2,189	2,25	2,168	2,176	2,216	2,153	2,196	2,42	2,424	2,335	2,294	2,411	2,395	2,32	2,301	2,341	2,241	2,272	2,386	2,469	2,446	2,396	2,084	1,737	2,328	2,31	2,35	2,29	2,197	2,388	2,491	2,544	2,592	2,252	1,455	2,237	2,314	2,264	2,29	2,183	2,379	2,564	2,414	2,569	2,172	1,478	2,286	2,311	2,331	2,331	2,29	2,445	2,647	2,554	2,56	2,091	1,532	2,537	2,514	2,551	2,467	2,428	2,462
Raw Data (600)	13 h 45 min	2,49	2,532	2,422	2,512	2,798	2,46	2,415	2,441	2,433	2,429	2,459	2,465	2,41	2,447	2,392	2,616	2,315	2,491	2,446	2,347	2,382	2,507	2,348	2,277	2,226	2,186	2,257	2,163	2,181	2,217	2,158	2,195	2,421	2,424	2,342	2,33	2,419	2,414	2,337	2,321	2,343	2,255	2,28	2,38	2,47	2,451	2,405	2,103	1,735	2,363	2,356	2,382	2,31	2,208	2,395	2,487	2,549	2,602	2,257	1,447	2,26	2,344	2,283	2,324	2,189	2,364	2,56	2,426	2,579	2,207	1,476	2,305	2,339	2,343	2,342	2,288	2,439	2,656	2,575	2,582	2,114	1,537	2,554	2,521	2,544	2,469	2,431	2,459
Raw Data (600)	14 h 	2,488	2,522	2,427	2,501	2,79	2,464	2,412	2,44	2,43	2,433	2,47	2,456	2,418	2,486	2,39	2,605	2,332	2,485	2,47	2,35	2,382	2,528	2,331	2,268	2,232	2,186	2,266	2,16	2,177	2,217	2,155	2,198	2,422	2,42	2,348	2,38	2,424	2,431	2,357	2,35	2,351	2,274	2,279	2,38	2,461	2,449	2,418	2,09	1,735	2,386	2,382	2,408	2,33	2,208	2,392	2,478	2,549	2,62	2,253	1,45	2,295	2,361	2,28	2,317	2,192	2,354	2,551	2,433	2,582	2,202	1,474	2,32	2,35	2,353	2,352	2,279	2,43	2,643	2,569	2,579	2,134	1,544	2,552	2,516	2,536	2,464	2,428	2,446
Raw Data (600)	14 h 15 min	2,477	2,518	2,452	2,504	2,775	2,465	2,416	2,446	2,43	2,439	2,451	2,452	2,434	2,517	2,4	2,595	2,358	2,494	2,497	2,358	2,401	2,524	2,34	2,266	2,232	2,184	2,272	2,159	2,19	2,218	2,158	2,192	2,428	2,415	2,354	2,403	2,42	2,436	2,363	2,353	2,346	2,291	2,28	2,372	2,46	2,454	2,413	2,1	1,732	2,401	2,4	2,428	2,346	2,221	2,39	2,476	2,552	2,635	2,24	1,45	2,336	2,378	2,289	2,336	2,191	2,345	2,554	2,448	2,592	2,206	1,477	2,332	2,368	2,356	2,37	2,277	2,428	2,648	2,572	2,584	2,144	1,549	2,552	2,519	2,539	2,466	2,437	2,446
Raw Data (600)	14 h 30 min	2,472	2,524	2,465	2,508	2,764	2,473	2,428	2,449	2,43	2,454	2,449	2,453	2,448	2,544	2,397	2,582	2,369	2,507	2,513	2,378	2,408	2,517	2,331	2,265	2,234	2,179	2,264	2,143	2,197	2,218	2,154	2,192	2,429	2,412	2,358	2,424	2,422	2,442	2,378	2,359	2,346	2,305	2,274	2,368	2,455	2,454	2,407	2,106	1,725	2,413	2,419	2,436	2,385	2,23	2,382	2,467	2,558	2,635	2,237	1,448	2,366	2,4	2,302	2,349	2,192	2,336	2,544	2,461	2,606	2,211	1,475	2,361	2,388	2,379	2,38	2,264	2,425	2,648	2,572	2,589	2,146	1,555	2,558	2,528	2,534	2,458	2,428	2,443
Raw Data (600)	14 h 45 min	2,472	2,513	2,478	2,505	2,748	2,478	2,43	2,46	2,429	2,458	2,454	2,448	2,465	2,554	2,396	2,563	2,382	2,515	2,524	2,377	2,425	2,515	2,331	2,261	2,229	2,182	2,274	2,146	2,198	2,211	2,156	2,19	2,431	2,417	2,359	2,436	2,42	2,448	2,39	2,367	2,349	2,312	2,274	2,37	2,454	2,457	2,427	2,106	1,728	2,433	2,451	2,439	2,412	2,234	2,38	2,471	2,56	2,642	2,254	1,447	2,386	2,417	2,316	2,36	2,189	2,33	2,541	2,466	2,617	2,21	1,472	2,384	2,396	2,395	2,388	2,262	2,423	2,654	2,572	2,598	2,192	1,562	2,559	2,531	2,526	2,46	2,415	2,433
Raw Data (600)	15 h 	2,469	2,515	2,49	2,504	2,741	2,475	2,43	2,459	2,426	2,451	2,448	2,443	2,471	2,567	2,399	2,546	2,397	2,519	2,539	2,384	2,419	2,512	2,321	2,258	2,228	2,18	2,273	2,138	2,202	2,209	2,153	2,179	2,433	2,404	2,362	2,456	2,422	2,458	2,398	2,373	2,356	2,322	2,265	2,362	2,446	2,456	2,441	2,116	1,723	2,442	2,464	2,444	2,427	2,241	2,369	2,47	2,552	2,65	2,248	1,454	2,411	2,424	2,326	2,371	2,189	2,319	2,523	2,467	2,607	2,221	1,476	2,398	2,407	2,398	2,394	2,254	2,415	2,649	2,574	2,603	2,201	1,567	2,554	2,527	2,528	2,452	2,418	2,428
Raw Data (600)	15 h 15 min	2,465	2,517	2,488	2,51	2,723	2,478	2,43	2,461	2,429	2,463	2,44	2,433	2,48	2,581	2,389	2,521	2,408	2,52	2,546	2,39	2,419	2,511	2,313	2,257	2,223	2,174	2,276	2,135	2,2	2,208	2,154	2,177	2,423	2,404	2,366	2,476	2,427	2,468	2,4	2,373	2,352	2,332	2,266	2,357	2,441	2,465	2,454	2,117	1,719	2,456	2,472	2,454	2,436	2,249	2,364	2,462	2,554	2,661	2,25	1,448	2,432	2,426	2,338	2,379	2,188	2,312	2,521	2,473	2,619	2,22	1,474	2,411	2,413	2,397	2,403	2,251	2,411	2,647	2,577	2,611	2,236	1,575	2,556	2,531	2,525	2,452	2,404	2,416
Raw Data (600)	15 h 30 min	2,466	2,516	2,492	2,501	2,706	2,467	2,427	2,459	2,419	2,466	2,426	2,429	2,48	2,585	2,38	2,5	2,409	2,518	2,559	2,394	2,422	2,507	2,313	2,25	2,224	2,171	2,278	2,127	2,196	2,205	2,151	2,173	2,412	2,392	2,358	2,489	2,419	2,477	2,409	2,369	2,354	2,333	2,262	2,346	2,436	2,452	2,462	2,116	1,721	2,464	2,482	2,461	2,44	2,257	2,36	2,461	2,553	2,664	2,246	1,45	2,442	2,437	2,341	2,378	2,182	2,312	2,516	2,472	2,627	2,214	1,478	2,414	2,417	2,386	2,404	2,245	2,415	2,646	2,571	2,616	2,282	1,588	2,556	2,53	2,521	2,447	2,407	2,412
Raw Data (600)	15 h 45 min	2,45	2,502	2,487	2,496	2,687	2,473	2,421	2,46	2,418	2,456	2,43	2,426	2,485	2,588	2,376	2,49	2,417	2,512	2,562	2,392	2,416	2,496	2,305	2,241	2,213	2,164	2,29	2,116	2,191	2,194	2,141	2,167	2,408	2,384	2,354	2,505	2,417	2,48	2,405	2,369	2,344	2,328	2,256	2,34	2,427	2,454	2,476	2,115	1,71	2,47	2,485	2,459	2,45	2,258	2,356	2,453	2,54	2,673	2,241	1,446	2,454	2,432	2,34	2,363	2,178	2,304	2,502	2,459	2,647	2,213	1,469	2,413	2,414	2,394	2,399	2,236	2,403	2,637	2,567	2,613	2,29	1,586	2,545	2,522	2,517	2,441	2,413	2,401
Raw Data (600)	16 h 	2,448	2,502	2,49	2,499	2,681	2,464	2,418	2,461	2,424	2,463	2,426	2,423	2,487	2,589	2,369	2,487	2,413	2,511	2,578	2,392	2,42	2,494	2,299	2,236	2,209	2,166	2,305	2,114	2,189	2,191	2,141	2,168	2,406	2,379	2,355	2,506	2,414	2,491	2,404	2,365	2,341	2,326	2,251	2,339	2,419	2,455	2,51	2,116	1,705	2,48	2,493	2,472	2,452	2,265	2,348	2,451	2,546	2,69	2,234	1,451	2,462	2,436	2,354	2,361	2,183	2,297	2,504	2,469	2,678	2,21	1,472	2,432	2,413	2,391	2,394	2,236	2,399	2,641	2,566	2,615	2,336	1,596	2,544	2,523	2,51	2,439	2,39	2,397
Raw Data (600)	16 h 15 min	2,448	2,496	2,484	2,494	2,668	2,456	2,412	2,455	2,42	2,455	2,406	2,417	2,484	2,589	2,359	2,479	2,408	2,504	2,577	2,382	2,412	2,485	2,303	2,226	2,212	2,161	2,302	2,105	2,197	2,187	2,139	2,156	2,394	2,367	2,342	2,51	2,41	2,497	2,398	2,361	2,333	2,324	2,242	2,331	2,405	2,445	2,578	2,116	1,7	2,484	2,489	2,484	2,464	2,271	2,339	2,446	2,548	2,7	2,229	1,445	2,478	2,433	2,362	2,36	2,18	2,273	2,498	2,46	2,693	2,197	1,471	2,434	2,416	2,384	2,395	2,231	2,377	2,632	2,569	2,616	2,368	1,603	2,541	2,515	2,506	2,428	2,386	2,381
Raw Data (600)	16 h 30 min	2,432	2,488	2,474	2,49	2,653	2,453	2,411	2,447	2,412	2,46	2,4	2,406	2,479	2,586	2,351	2,47	2,408	2,49	2,579	2,382	2,4	2,482	2,298	2,225	2,206	2,167	2,305	2,105	2,189	2,176	2,132	2,149	2,382	2,365	2,345	2,51	2,404	2,498	2,397	2,361	2,327	2,323	2,233	2,319	2,412	2,451	2,638	2,116	1,703	2,482	2,484	2,494	2,459	2,273	2,327	2,437	2,542	2,703	2,225	1,441	2,482	2,423	2,366	2,351	2,18	2,267	2,494	2,459	2,718	2,181	1,468	2,444	2,408	2,385	2,387	2,222	2,375	2,629	2,564	2,609	2,392	1,613	2,536	2,511	2,496	2,426	2,374	2,374
Raw Data (600)	16 h 45 min	2,44	2,479	2,469	2,484	2,638	2,451	2,407	2,442	2,409	2,456	2,411	2,4	2,467	2,583	2,342	2,461	2,399	2,488	2,584	2,375	2,388	2,471	2,296	2,22	2,198	2,158	2,311	2,112	2,19	2,182	2,134	2,142	2,377	2,355	2,34	2,509	2,404	2,5	2,391	2,36	2,327	2,31	2,228	2,315	2,398	2,437	2,708	2,122	1,71	2,488	2,486	2,5	2,464	2,275	2,329	2,418	2,526	2,715	2,218	1,449	2,478	2,418	2,364	2,345	2,175	2,27	2,481	2,447	2,728	2,165	1,467	2,443	2,4	2,373	2,38	2,211	2,362	2,636	2,559	2,632	2,403	1,624	2,537	2,5	2,488	2,417	2,369	2,36
Raw Data (600)	17 h 	2,42	2,486	2,456	2,477	2,62	2,433	2,382	2,435	2,403	2,454	2,379	2,385	2,459	2,577	2,329	2,45	2,393	2,475	2,578	2,368	2,393	2,465	2,297	2,215	2,196	2,167	2,308	2,114	2,188	2,182	2,125	2,143	2,365	2,343	2,338	2,506	2,388	2,492	2,38	2,361	2,321	2,305	2,224	2,306	2,386	2,434	2,737	2,124	1,706	2,481	2,477	2,496	2,464	2,276	2,318	2,414	2,529	2,718	2,227	1,446	2,476	2,408	2,358	2,332	2,175	2,26	2,473	2,442	2,736	2,16	1,463	2,439	2,401	2,371	2,379	2,207	2,346	2,628	2,557	2,636	2,428	1,634	2,526	2,495	2,494	2,417	2,366	2,353
Raw Data (600)	17 h 15 min	2,414	2,471	2,446	2,474	2,612	2,425	2,384	2,425	2,413	2,432	2,382	2,369	2,451	2,564	2,325	2,442	2,384	2,463	2,579	2,365	2,383	2,454	2,294	2,213	2,188	2,162	2,305	2,108	2,182	2,173	2,133	2,138	2,35	2,333	2,329	2,504	2,386	2,49	2,374	2,356	2,31	2,299	2,214	2,306	2,377	2,427	2,754	2,134	1,701	2,479	2,47	2,486	2,465	2,273	2,311	2,407	2,523	2,711	2,217	1,442	2,474	2,4	2,356	2,321	2,171	2,244	2,472	2,435	2,729	2,161	1,463	2,441	2,393	2,37	2,375	2,203	2,338	2,621	2,554	2,621	2,436	1,648	2,528	2,486	2,493	2,407	2,358	2,342
Raw Data (600)	17 h 30 min	2,405	2,462	2,44	2,471	2,604	2,421	2,379	2,417	2,39	2,42	2,363	2,372	2,448	2,554	2,325	2,443	2,378	2,454	2,574	2,352	2,38	2,442	2,289	2,209	2,185	2,164	2,307	2,112	2,182	2,167	2,123	2,132	2,338	2,327	2,323	2,494	2,379	2,486	2,364	2,348	2,303	2,293	2,211	2,292	2,369	2,424	2,746	2,145	1,675	2,468	2,46	2,477	2,463	2,268	2,299	2,405	2,516	2,712	2,214	1,441	2,474	2,396	2,35	2,314	2,168	2,244	2,464	2,425	2,72	2,168	1,458	2,432	2,384	2,359	2,365	2,206	2,327	2,622	2,55	2,607	2,434	1,662	2,519	2,485	2,484	2,397	2,343	2,329
Raw Data (600)	17 h 45 min	2,396	2,451	2,423	2,464	2,592	2,407	2,366	2,41	2,37	2,414	2,359	2,355	2,431	2,545	2,317	2,441	2,369	2,448	2,566	2,346	2,368	2,426	2,289	2,201	2,176	2,158	2,306	2,106	2,184	2,164	2,126	2,13	2,327	2,311	2,313	2,479	2,372	2,481	2,356	2,344	2,303	2,286	2,205	2,284	2,361	2,412	2,745	2,16	1,667	2,462	2,447	2,468	2,456	2,268	2,29	2,394	2,511	2,712	2,223	1,441	2,462	2,387	2,348	2,306	2,167	2,232	2,456	2,414	2,715	2,161	1,46	2,428	2,38	2,357	2,364	2,203	2,316	2,608	2,547	2,604	2,43	1,676	2,506	2,475	2,471	2,392	2,335	2,32
Raw Data (600)	18 h 	2,388	2,445	2,413	2,459	2,59	2,399	2,358	2,394	2,379	2,402	2,34	2,347	2,431	2,534	2,313	2,439	2,366	2,447	2,561	2,335	2,362	2,415	2,289	2,201	2,174	2,157	2,311	2,109	2,184	2,167	2,128	2,131	2,315	2,309	2,317	2,477	2,364	2,471	2,351	2,337	2,29	2,276	2,206	2,272	2,353	2,408	2,748	2,182	1,66	2,454	2,443	2,462	2,454	2,266	2,276	2,39	2,509	2,712	2,23	1,437	2,457	2,39	2,344	2,304	2,172	2,22	2,449	2,409	2,708	2,172	1,455	2,419	2,374	2,344	2,351	2,195	2,301	2,594	2,54	2,626	2,438	1,697	2,501	2,467	2,462	2,375	2,321	2,311
Raw Data (600)	18 h 15 min	2,37	2,436	2,402	2,452	2,582	2,381	2,336	2,397	2,369	2,386	2,318	2,338	2,418	2,529	2,303	2,459	2,351	2,431	2,557	2,325	2,343	2,406	2,28	2,193	2,175	2,152	2,295	2,101	2,179	2,152	2,134	2,123	2,296	2,295	2,303	2,462	2,358	2,463	2,341	2,324	2,279	2,266	2,19	2,258	2,339	2,394	2,735	2,202	1,651	2,446	2,432	2,451	2,44	2,263	2,269	2,386	2,498	2,717	2,246	1,429	2,451	2,371	2,334	2,292	2,164	2,208	2,439	2,395	2,697	2,175	1,453	2,414	2,365	2,338	2,337	2,191	2,288	2,591	2,535	2,636	2,44	1,711	2,497	2,455	2,449	2,366	2,306	2,291
Raw Data (600)	18 h 30 min	2,349	2,426	2,387	2,446	2,574	2,375	2,325	2,38	2,346	2,381	2,327	2,328	2,405	2,512	2,301	2,475	2,34	2,426	2,555	2,316	2,34	2,394	2,271	2,187	2,165	2,156	2,292	2,096	2,169	2,155	2,12	2,112	2,296	2,29	2,298	2,453	2,351	2,462	2,334	2,319	2,28	2,258	2,187	2,255	2,334	2,385	2,713	2,236	1,638	2,439	2,422	2,442	2,427	2,263	2,254	2,37	2,491	2,723	2,261	1,429	2,441	2,365	2,322	2,291	2,162	2,203	2,432	2,388	2,688	2,177	1,454	2,404	2,362	2,329	2,332	2,187	2,282	2,575	2,52	2,656	2,44	1,731	2,479	2,433	2,435	2,351	2,297	2,288
Raw Data (600)	18 h 45 min	2,349	2,411	2,378	2,424	2,568	2,361	2,319	2,376	2,346	2,366	2,313	2,326	2,39	2,499	2,295	2,45	2,329	2,412	2,548	2,297	2,319	2,384	2,272	2,182	2,162	2,153	2,288	2,093	2,168	2,15	2,116	2,109	2,288	2,281	2,289	2,447	2,342	2,466	2,325	2,311	2,271	2,248	2,182	2,246	2,324	2,382	2,698	2,266	1,628	2,428	2,412	2,426	2,414	2,258	2,253	2,355	2,482	2,721	2,283	1,426	2,427	2,359	2,31	2,28	2,162	2,204	2,419	2,374	2,672	2,176	1,456	2,389	2,35	2,316	2,318	2,173	2,27	2,558	2,512	2,683	2,444	1,748	2,467	2,426	2,419	2,339	2,282	2,269
Raw Data (600)	19 h 	2,344	2,396	2,366	2,408	2,56	2,351	2,316	2,358	2,321	2,348	2,3	2,313	2,384	2,482	2,284	2,448	2,319	2,401	2,554	2,289	2,308	2,367	2,265	2,177	2,156	2,156	2,29	2,101	2,158	2,167	2,109	2,115	2,271	2,27	2,284	2,439	2,341	2,5	2,318	2,304	2,268	2,244	2,171	2,237	2,312	2,378	2,688	2,297	1,625	2,42	2,407	2,423	2,404	2,258	2,247	2,336	2,478	2,726	2,302	1,426	2,424	2,361	2,304	2,284	2,165	2,195	2,405	2,368	2,659	2,199	1,453	2,381	2,334	2,302	2,31	2,165	2,261	2,561	2,487	2,703	2,456	1,77	2,444	2,412	2,393	2,318	2,27	2,249
Raw Data (600)	19 h 15 min	2,319	2,388	2,36	2,394	2,555	2,35	2,295	2,332	2,319	2,337	2,287	2,311	2,376	2,468	2,284	2,465	2,311	2,393	2,546	2,272	2,304	2,36	2,253	2,17	2,153	2,157	2,286	2,103	2,158	2,175	2,116	2,11	2,267	2,261	2,277	2,426	2,333	2,474	2,306	2,294	2,257	2,235	2,168	2,225	2,299	2,374	2,679	2,342	1,604	2,412	2,395	2,41	2,389	2,252	2,238	2,322	2,469	2,72	2,328	1,421	2,41	2,348	2,293	2,274	2,155	2,186	2,394	2,367	2,655	2,196	1,456	2,37	2,324	2,298	2,303	2,167	2,247	2,559	2,473	2,692	2,465	1,804	2,431	2,403	2,381	2,311	2,267	2,251
Raw Data (600)	19 h 30 min	2,32	2,371	2,345	2,381	2,555	2,327	2,288	2,321	2,292	2,323	2,278	2,294	2,364	2,454	2,276	2,484	2,295	2,389	2,545	2,263	2,292	2,348	2,253	2,173	2,155	2,158	2,288	2,1	2,165	2,172	2,12	2,122	2,25	2,244	2,276	2,418	2,326	2,464	2,299	2,293	2,257	2,233	2,157	2,215	2,284	2,358	2,672	2,373	1,592	2,401	2,388	2,4	2,38	2,247	2,228	2,322	2,462	2,72	2,354	1,413	2,407	2,344	2,288	2,272	2,147	2,194	2,39	2,342	2,638	2,222	1,458	2,359	2,319	2,295	2,292	2,147	2,241	2,542	2,462	2,679	2,485	1,822	2,419	2,393	2,368	2,292	2,258	2,232
Raw Data (600)	19 h 45 min	2,291	2,363	2,34	2,37	2,559	2,326	2,273	2,31	2,284	2,307	2,257	2,292	2,353	2,444	2,271	2,495	2,287	2,381	2,527	2,257	2,281	2,332	2,248	2,169	2,158	2,16	2,269	2,097	2,157	2,172	2,118	2,119	2,239	2,235	2,27	2,409	2,32	2,458	2,292	2,279	2,25	2,225	2,157	2,209	2,27	2,352	2,665	2,412	1,585	2,398	2,381	2,388	2,369	2,241	2,225	2,308	2,461	2,715	2,396	1,406	2,396	2,335	2,281	2,263	2,148	2,184	2,382	2,335	2,634	2,23	1,443	2,351	2,307	2,285	2,285	2,15	2,226	2,539	2,459	2,665	2,479	1,848	2,418	2,391	2,362	2,286	2,265	2,232
Raw Data (600)	20 h 	2,287	2,346	2,329	2,354	2,544	2,307	2,27	2,298	2,267	2,291	2,254	2,28	2,346	2,431	2,264	2,496	2,276	2,372	2,523	2,241	2,269	2,319	2,248	2,171	2,158	2,16	2,276	2,105	2,154	2,166	2,124	2,122	2,227	2,226	2,261	2,403	2,312	2,445	2,285	2,274	2,243	2,216	2,153	2,207	2,261	2,345	2,654	2,451	1,566	2,387	2,367	2,376	2,361	2,239	2,216	2,304	2,456	2,717	2,433	1,406	2,391	2,333	2,271	2,253	2,145	2,185	2,363	2,325	2,629	2,251	1,436	2,345	2,304	2,274	2,279	2,147	2,218	2,517	2,443	2,659	2,503	1,902	2,406	2,368	2,347	2,274	2,254	2,214
Raw Data (600)	20 h 15 min	2,257	2,33	2,323	2,343	2,532	2,296	2,248	2,274	2,25	2,264	2,23	2,27	2,33	2,416	2,253	2,481	2,263	2,361	2,509	2,232	2,263	2,306	2,234	2,168	2,15	2,158	2,247	2,1	2,147	2,164	2,12	2,118	2,22	2,221	2,258	2,391	2,303	2,443	2,275	2,259	2,234	2,208	2,145	2,198	2,254	2,333	2,648	2,483	1,56	2,373	2,358	2,36	2,346	2,231	2,205	2,293	2,448	2,707	2,461	1,407	2,376	2,324	2,26	2,246	2,134	2,175	2,354	2,308	2,619	2,264	1,441	2,339	2,296	2,27	2,271	2,154	2,206	2,518	2,432	2,63	2,514	1,938	2,393	2,36	2,341	2,265	2,252	2,206
Raw Data (600)	20 h 30 min	2,257	2,319	2,305	2,333	2,535	2,286	2,235	2,268	2,24	2,261	2,235	2,262	2,323	2,4	2,251	2,483	2,256	2,359	2,506	2,219	2,261	2,297	2,233	2,165	2,151	2,16	2,25	2,106	2,144	2,17	2,126	2,124	2,208	2,212	2,251	2,38	2,299	2,439	2,266	2,255	2,231	2,199	2,138	2,21	2,238	2,328	2,64	2,507	1,552	2,366	2,351	2,35	2,341	2,228	2,202	2,282	2,441	2,699	2,489	1,407	2,367	2,324	2,25	2,233	2,135	2,173	2,334	2,295	2,616	2,276	1,437	2,332	2,29	2,262	2,266	2,15	2,192	2,488	2,43	2,628	2,524	1,977	2,384	2,347	2,319	2,251	2,246	2,197
Raw Data (600)	20 h 45 min	2,243	2,305	2,297	2,347	2,524	2,278	2,228	2,262	2,225	2,254	2,219	2,253	2,322	2,393	2,249	2,477	2,249	2,358	2,497	2,215	2,253	2,29	2,228	2,167	2,152	2,161	2,253	2,106	2,146	2,161	2,137	2,129	2,221	2,205	2,247	2,375	2,291	2,43	2,262	2,255	2,226	2,195	2,137	2,228	2,231	2,319	2,64	2,533	1,536	2,36	2,346	2,342	2,332	2,223	2,198	2,274	2,435	2,695	2,516	1,399	2,359	2,323	2,243	2,22	2,131	2,17	2,323	2,296	2,608	2,305	1,422	2,338	2,284	2,255	2,283	2,15	2,188	2,481	2,424	2,609	2,562	2,005	2,371	2,344	2,31	2,242	2,245	2,196
Raw Data (600)	21 h 	2,231	2,294	2,283	2,336	2,508	2,266	2,213	2,251	2,21	2,241	2,204	2,244	2,314	2,38	2,243	2,463	2,24	2,348	2,484	2,208	2,244	2,278	2,234	2,164	2,145	2,159	2,243	2,1	2,141	2,164	2,141	2,124	2,2	2,195	2,241	2,364	2,288	2,423	2,25	2,244	2,218	2,189	2,131	2,244	2,226	2,315	2,63	2,553	1,525	2,354	2,338	2,336	2,325	2,219	2,182	2,267	2,431	2,693	2,542	1,396	2,349	2,322	2,236	2,222	2,124	2,162	2,313	2,29	2,604	2,328	1,421	2,336	2,272	2,263	2,297	2,154	2,176	2,456	2,418	2,593	2,57	2,026	2,365	2,333	2,299	2,235	2,232	2,179
Raw Data (600)	21 h 15 min	2,227	2,279	2,273	2,338	2,5	2,253	2,205	2,24	2,209	2,232	2,208	2,231	2,307	2,374	2,235	2,467	2,229	2,346	2,48	2,2	2,241	2,268	2,234	2,166	2,147	2,161	2,239	2,103	2,14	2,163	2,15	2,13	2,187	2,183	2,234	2,361	2,283	2,412	2,245	2,246	2,217	2,187	2,129	2,272	2,223	2,339	2,628	2,572	1,516	2,349	2,335	2,33	2,313	2,217	2,177	2,254	2,426	2,696	2,567	1,384	2,341	2,325	2,23	2,218	2,13	2,159	2,296	2,284	2,601	2,353	1,42	2,344	2,267	2,286	2,287	2,156	2,182	2,446	2,394	2,586	2,577	2,035	2,344	2,315	2,291	2,218	2,232	2,164
Raw Data (600)	21 h 30 min	2,214	2,268	2,264	2,333	2,481	2,244	2,192	2,276	2,198	2,217	2,192	2,221	2,293	2,361	2,232	2,44	2,222	2,338	2,463	2,187	2,222	2,255	2,24	2,163	2,14	2,166	2,231	2,108	2,135	2,164	2,16	2,127	2,178	2,175	2,233	2,347	2,274	2,431	2,235	2,232	2,208	2,177	2,126	2,288	2,213	2,343	2,619	2,586	1,506	2,34	2,325	2,317	2,303	2,212	2,174	2,245	2,422	2,687	2,553	1,374	2,329	2,324	2,222	2,219	2,129	2,154	2,285	2,273	2,594	2,388	1,42	2,344	2,258	2,274	2,302	2,152	2,171	2,426	2,39	2,574	2,605	2,034	2,342	2,301	2,28	2,211	2,23	2,161
Raw Data (600)	21 h 45 min	2,206	2,25	2,255	2,317	2,476	2,237	2,176	2,267	2,181	2,215	2,18	2,218	2,288	2,351	2,223	2,432	2,21	2,328	2,453	2,181	2,219	2,244	2,236	2,159	2,136	2,16	2,223	2,102	2,124	2,159	2,18	2,12	2,172	2,173	2,233	2,344	2,267	2,443	2,225	2,227	2,203	2,172	2,12	2,313	2,207	2,367	2,606	2,591	1,492	2,331	2,318	2,308	2,293	2,203	2,166	2,23	2,416	2,674	2,564	1,366	2,318	2,318	2,219	2,232	2,13	2,147	2,274	2,268	2,586	2,403	1,423	2,343	2,253	2,281	2,307	2,152	2,167	2,415	2,377	2,548	2,626	2,064	2,321	2,294	2,262	2,199	2,227	2,154
Raw Data (600)	22 h 	2,204	2,243	2,254	2,296	2,466	2,244	2,178	2,276	2,176	2,213	2,181	2,21	2,28	2,341	2,218	2,412	2,208	2,324	2,444	2,176	2,214	2,242	2,235	2,158	2,132	2,159	2,217	2,102	2,122	2,161	2,156	2,113	2,17	2,171	2,267	2,337	2,263	2,449	2,221	2,227	2,197	2,169	2,117	2,257	2,205	2,388	2,604	2,597	1,484	2,324	2,312	2,302	2,284	2,202	2,156	2,224	2,417	2,673	2,568	1,358	2,306	2,317	2,224	2,248	2,133	2,14	2,269	2,261	2,588	2,438	1,418	2,34	2,246	2,271	2,268	2,154	2,17	2,42	2,363	2,534	2,658	2,074	2,31	2,288	2,259	2,201	2,228	2,143
Raw Data (600)	22 h 15 min	2,192	2,23	2,242	2,298	2,454	2,246	2,169	2,268	2,169	2,203	2,166	2,203	2,27	2,337	2,215	2,401	2,2	2,322	2,435	2,171	2,235	2,231	2,232	2,154	2,125	2,154	2,211	2,1	2,116	2,157	2,14	2,12	2,168	2,164	2,284	2,337	2,262	2,447	2,217	2,224	2,195	2,159	2,118	2,26	2,203	2,377	2,599	2,588	1,464	2,32	2,309	2,295	2,272	2,194	2,152	2,216	2,413	2,663	2,575	1,347	2,303	2,315	2,229	2,258	2,134	2,14	2,258	2,26	2,58	2,462	1,405	2,335	2,245	2,251	2,254	2,156	2,182	2,407	2,351	2,521	2,613	2,058	2,296	2,292	2,243	2,203	2,218	2,144
Raw Data (600)	22 h 30 min	2,186	2,221	2,229	2,323	2,443	2,242	2,163	2,257	2,154	2,198	2,152	2,203	2,26	2,325	2,209	2,394	2,195	2,318	2,424	2,164	2,23	2,228	2,229	2,153	2,125	2,154	2,204	2,098	2,114	2,164	2,14	2,122	2,168	2,154	2,245	2,328	2,253	2,436	2,209	2,216	2,188	2,156	2,114	2,213	2,206	2,372	2,593	2,585	1,458	2,314	2,3	2,287	2,264	2,191	2,146	2,206	2,409	2,653	2,555	1,341	2,288	2,311	2,233	2,25	2,133	2,131	2,247	2,253	2,563	2,479	1,416	2,308	2,237	2,268	2,282	2,159	2,196	2,397	2,333	2,502	2,625	2,048	2,277	2,288	2,231	2,202	2,212	2,126
Raw Data (600)	22 h 45 min	2,172	2,215	2,224	2,352	2,425	2,234	2,158	2,236	2,146	2,195	2,147	2,199	2,253	2,313	2,197	2,386	2,19	2,311	2,414	2,154	2,23	2,208	2,248	2,146	2,119	2,149	2,197	2,092	2,112	2,166	2,121	2,118	2,17	2,143	2,229	2,319	2,246	2,428	2,201	2,205	2,179	2,146	2,114	2,211	2,203	2,363	2,578	2,574	1,455	2,305	2,288	2,28	2,257	2,183	2,145	2,193	2,405	2,639	2,541	1,335	2,278	2,308	2,229	2,27	2,128	2,123	2,236	2,246	2,56	2,494	1,405	2,305	2,229	2,296	2,283	2,15	2,184	2,378	2,314	2,487	2,6	2,041	2,265	2,31	2,218	2,199	2,212	2,111
Raw Data (600)	23 h 	2,164	2,221	2,211	2,321	2,43	2,23	2,153	2,223	2,134	2,185	2,152	2,208	2,247	2,309	2,192	2,366	2,197	2,308	2,405	2,151	2,237	2,211	2,238	2,144	2,116	2,15	2,201	2,088	2,11	2,17	2,123	2,116	2,17	2,134	2,193	2,313	2,24	2,426	2,196	2,201	2,175	2,146	2,123	2,194	2,216	2,358	2,578	2,574	1,439	2,3	2,289	2,28	2,252	2,179	2,145	2,19	2,406	2,635	2,54	1,325	2,272	2,312	2,236	2,24	2,123	2,116	2,227	2,24	2,559	2,505	1,402	2,309	2,225	2,325	2,287	2,152	2,196	2,369	2,303	2,48	2,565	2,031	2,251	2,324	2,207	2,2	2,198	2,106
Raw Data (600)	23 h 15 min	2,153	2,234	2,21	2,304	2,418	2,236	2,154	2,232	2,132	2,182	2,149	2,2	2,237	2,297	2,187	2,368	2,203	2,298	2,393	2,146	2,258	2,194	2,251	2,14	2,113	2,147	2,196	2,082	2,119	2,171	2,111	2,111	2,168	2,129	2,194	2,304	2,236	2,423	2,186	2,193	2,17	2,139	2,131	2,172	2,225	2,34	2,573	2,557	1,424	2,295	2,279	2,282	2,251	2,176	2,141	2,179	2,404	2,624	2,494	1,309	2,261	2,309	2,254	2,263	2,122	2,12	2,221	2,234	2,552	2,513	1,379	2,311	2,226	2,363	2,296	2,146	2,187	2,354	2,291	2,472	2,565	2,02	2,242	2,34	2,199	2,221	2,205	2,095
Raw Data (600)	23 h 30 min	2,141	2,242	2,199	2,302	2,4	2,227	2,146	2,24	2,113	2,168	2,148	2,191	2,232	2,286	2,176	2,349	2,21	2,294	2,385	2,155	2,254	2,19	2,265	2,135	2,114	2,144	2,192	2,09	2,12	2,169	2,109	2,11	2,175	2,119	2,172	2,298	2,23	2,411	2,184	2,185	2,166	2,133	2,146	2,154	2,234	2,32	2,565	2,542	1,426	2,291	2,275	2,291	2,253	2,171	2,143	2,167	2,4	2,612	2,467	1,301	2,257	2,304	2,285	2,276	2,119	2,108	2,215	2,223	2,55	2,521	1,37	2,307	2,222	2,372	2,316	2,152	2,202	2,345	2,28	2,466	2,539	2,002	2,239	2,351	2,194	2,243	2,193	2,084
Raw Data (600)	23 h 45 min	2,146	2,247	2,204	2,29	2,394	2,226	2,141	2,242	2,107	2,168	2,135	2,181	2,23	2,279	2,176	2,339	2,225	2,297	2,378	2,168	2,28	2,186	2,265	2,136	2,114	2,145	2,192	2,088	2,116	2,178	2,118	2,111	2,181	2,113	2,171	2,291	2,231	2,402	2,176	2,187	2,161	2,134	2,15	2,143	2,23	2,304	2,553	2,527	1,428	2,282	2,269	2,291	2,262	2,178	2,146	2,168	2,404	2,596	2,462	1,291	2,25	2,306	2,3	2,29	2,126	2,114	2,21	2,222	2,537	2,511	1,389	2,301	2,221	2,378	2,343	2,156	2,185	2,328	2,275	2,468	2,571	1,984	2,235	2,333	2,199	2,221	2,197	2,082
Raw Data (600)	24 h 	2,125	2,22	2,194	2,264	2,384	2,196	2,138	2,247	2,096	2,169	2,142	2,177	2,226	2,271	2,164	2,334	2,226	2,279	2,361	2,188	2,283	2,171	2,258	2,127	2,112	2,137	2,182	2,084	2,112	2,188	2,099	2,109	2,178	2,106	2,18	2,287	2,219	2,392	2,171	2,179	2,157	2,126	2,153	2,124	2,226	2,29	2,55	2,514	1,403	2,275	2,262	2,291	2,264	2,17	2,131	2,158	2,411	2,593	2,441	1,288	2,243	2,304	2,312	2,286	2,127	2,1	2,203	2,211	2,543	2,532	1,387	2,285	2,214	2,353	2,34	2,162	2,154	2,319	2,257	2,446	2,57	1,968	2,214	2,303	2,199	2,218	2,184	2,066
